,X,MedCodeId,Term,OriginalReadCode,CleansedReadCode,SnomedCTConceptId,SnomedCTDescriptionId
2,366,6.77E+14,Moldavian language interpreter needed,9Nm1,9Nm1.00,3.60E+14,6.77E+14
3,367,6.78E+14,Iban language interpreter needed,9Nm8,9Nm8.00,3.60E+14,6.78E+14
4,368,6.78E+14,Kinyarwanda language interpreter needed,9NmE,9NmE.00,3.60E+14,6.78E+14
5,369,6.81E+14,Guarani language interpreter needed,9NmR,9NmR.00,3.61E+14,6.81E+14
6,370,6.82E+14,Catalan language interpreter needed,9Nmd,9Nmd.00,3.62E+14,6.82E+14
7,371,6.87E+14,Nepali language interpreter needed,9NnK,9NnK.00,3.64E+14,6.87E+14
8,373,6.65E+14,Bulgarian language interpreter needed,9NUz,9NUz.00,3.54E+14,6.65E+14
9,374,6.78E+14,Maltese language interpreter needed,9Nm3,9Nm3.00,3.60E+14,6.78E+14
10,375,6.78E+14,Luganda language interpreter needed,9Nm4,9Nm4.00,3.60E+14,6.78E+14
11,376,6.78E+14,Brawa language interpreter needed,9Nm6,9Nm6.00,3.60E+14,6.78E+14
12,377,6.79E+14,Inuktitut language interpreter needed,9NmL,9NmL.00,3.60E+14,6.79E+14
13,378,6.81E+14,Frisian language interpreter needed,9NmT,9NmT.00,3.62E+14,6.81E+14
14,379,6.82E+14,Estonian language interpreter needed,9NmZ,9NmZ.00,3.62E+14,6.82E+14
15,381,6.77E+14,Mongolian language interpreter needed,9Nm0,9Nm0.00,3.60E+14,6.77E+14
16,382,6.78E+14,Macedonian language interpreter needed,9NmA,9NmA.00,3.60E+14,6.78E+14
17,383,6.79E+14,Inupiaq language interpreter needed,9NmJ,9NmJ.00,3.60E+14,6.79E+14
18,384,6.79E+14,Javanese language interpreter needed,9NmK,9NmK.00,3.60E+14,6.79E+14
19,385,6.79E+14,Icelandic language interpreter needed,9NmP,9NmP.00,3.60E+14,6.79E+14
20,386,6.82E+14,Faeroese language interpreter needed,9NmV,9NmV.00,3.62E+14,6.82E+14
21,388,6.78E+14,Maori language interpreter needed,9Nm9,9Nm9.00,3.60E+14,6.78E+14
22,389,6.78E+14,Malagasy language interpreter needed,9NmB,9NmB.00,3.60E+14,6.78E+14
23,390,6.79E+14,Hungarian language interpreter needed,9NmQ,9NmQ.00,3.60E+14,6.79E+14
24,391,6.81E+14,Georgian language interpreter needed,9NmS,9NmS.00,3.61E+14,6.81E+14
25,392,6.77E+14,Marathi language interpreter needed,9Nm2,9Nm2.00,3.60E+14,6.77E+14
26,393,6.78E+14,Ethiopian language interpreter needed,9Nm5,9Nm5.00,3.60E+14,6.78E+14
27,394,6.82E+14,Corsican language interpreter needed,9Nma,9Nma.00,3.62E+14,6.82E+14
28,395,6.83E+14,Bislama language interpreter needed,9Nmh,9Nmh.00,3.62E+14,6.83E+14
29,396,6.83E+14,Assamese language interpreter needed,9Nmj,9Nmj.00,3.62E+14,6.83E+14
30,397,6.85E+14,Yiddish language interpreter needed,9Nmy,9Nmy.00,3.63E+14,6.85E+14
31,398,6.85E+14,Serbo-Croatian language interpreter needed,9NU9-1,9NU9.11,2.03E+14,6.85E+14
32,399,6.85E+14,Tsonga language interpreter needed,9Nn1,9Nn1.00,3.63E+14,6.85E+14
33,400,6.85E+14,Tatar language interpreter needed,9Nn2,9Nn2.00,3.63E+14,6.85E+14
34,401,6.86E+14,Tajik language interpreter needed,9NnA,9NnA.00,3.64E+14,6.86E+14
35,402,6.78E+14,Kashmiri language interpreter needed,9NmG,9NmG.00,3.60E+14,6.78E+14
36,403,6.79E+14,Interlingue language interpreter needed,9NmM,9NmM.00,3.60E+14,6.79E+14
37,404,6.82E+14,Galician language interpreter needed,9NmX,9NmX.00,3.62E+14,6.82E+14
38,405,6.84E+14,Zhuang language interpreter needed,9Nmv,9Nmv.00,3.63E+14,6.84E+14
39,406,6.84E+14,Oromo language interpreter needed,9Nmx,9Nmx.00,3.63E+14,6.84E+14
40,407,6.85E+14,Tibetan language interpreter needed,9Nn0,9Nn0.00,3.63E+14,6.85E+14
41,408,6.86E+14,Tswana language interpreter needed,9NnE,9NnE.00,3.64E+14,6.86E+14
42,409,6.78E+14,Kirghiz language interpreter needed,9Nm7,9Nm7.00,3.60E+14,6.78E+14
43,410,6.78E+14,Malay language interpreter needed,9NmF,9NmF.00,3.60E+14,6.78E+14
44,411,6.79E+14,Lao language interpreter needed,9NmN,9NmN.00,3.60E+14,6.79E+14
45,412,6.82E+14,Kalaallisut language interpreter needed,9Nmc,9Nmc.00,3.62E+14,6.82E+14
46,413,6.83E+14,Central Khmer language interpreter needed,9Nml,9Nml.00,3.62E+14,6.83E+14
47,414,6.84E+14,Basque language interpreter needed,9Nmq,9Nmq.00,3.63E+14,6.84E+14
48,415,6.82E+14,Danish language interpreter needed,9Nmb,9Nmb.00,3.62E+14,6.82E+14
49,416,6.84E+14,Azerbaijani language interpreter needed,9Nmp,9Nmp.00,3.63E+14,6.84E+14
50,417,6.84E+14,Afar language interpreter needed,9Nmr,9Nmr.00,3.63E+14,6.84E+14
51,418,6.84E+14,Abkhazian language interpreter needed,9Nms,9Nms.00,3.63E+14,6.84E+14
52,419,6.84E+14,Zulu language interpreter needed,9Nmu,9Nmu.00,3.63E+14,6.84E+14
53,420,6.84E+14,Uzbek language interpreter needed,9Nmw,9Nmw.00,3.63E+14,6.84E+14
54,421,6.85E+14,Serbo-Croatian language interpreter needed,9NUe-1,9NUe.11,2.04E+14,6.85E+14
55,423,6.85E+14,Tongan language interpreter needed,9Nn5,9Nn5.00,3.63E+14,6.85E+14
56,424,6.86E+14,Slovenian language interpreter needed,9Nn7,9Nn7.00,3.64E+14,6.86E+14
57,425,6.84E+14,Afrikaans language interpreter needed,9Nmo,9Nmo.00,3.63E+14,6.84E+14
58,426,6.84E+14,Dzongkha language interpreter needed,9Nmt,9Nmt.00,3.63E+14,6.84E+14
59,427,6.86E+14,Sindhi language interpreter needed,9NnB,9NnB.00,3.64E+14,6.86E+14
60,428,6.87E+14,Nauru language interpreter needed,9NnM,9NnM.00,3.64E+14,6.87E+14
61,429,6.82E+14,Belarusian language interpreter needed,9Nme,9Nme.00,3.62E+14,6.82E+14
62,430,6.83E+14,Indonesian language interpreter needed,9Nmf,9Nmf.00,3.62E+14,6.83E+14
63,431,6.83E+14,Bihari language interpreter needed,9Nmi,9Nmi.00,3.62E+14,6.83E+14
64,432,6.83E+14,Armenian language interpreter needed,9Nmk,9Nmk.00,3.62E+14,6.83E+14
65,433,6.86E+14,Sundanese language interpreter needed,9NnC,9NnC.00,3.64E+14,6.86E+14
66,434,6.86E+14,Samoan language interpreter needed,9NnD,9NnD.00,3.64E+14,6.86E+14
67,435,6.87E+14,Uighur language interpreter needed,9NnH,9NnH.00,3.64E+14,6.87E+14
68,436,6.87E+14,Occitan language interpreter needed,9NnL,9NnL.00,3.64E+14,6.87E+14
69,437,6.87E+14,Oriya language interpreter needed,9NnJ,9NnJ.00,3.64E+14,6.87E+14
70,438,6.88E+14,Romansh language interpreter needed,9NnN,9NnN.00,3.64E+14,6.88E+14
71,439,6.87E+14,Sango language interpreter needed,9NnG,9NnG.00,3.64E+14,6.87E+14
72,441,6.78E+14,Latvian language interpreter needed,9NmC,9NmC.00,3.60E+14,6.78E+14
73,442,6.78E+14,Kannada language interpreter needed,9NmD,9NmD.00,3.60E+14,6.78E+14
74,443,6.82E+14,Fijian language interpreter needed,9NmW,9NmW.00,3.62E+14,6.82E+14
75,444,6.83E+14,Burmese language interpreter needed,9Nmm,9Nmm.00,3.62E+14,6.83E+14
76,445,6.65E+14,Romanian language interpreter needed,9NUy,9NUy.00,3.54E+14,6.65E+14
77,446,6.85E+14,Telugu language interpreter needed,9Nn4,9Nn4.00,3.63E+14,6.85E+14
78,447,6.86E+14,Swati language interpreter needed,9Nn8,9Nn8.00,3.64E+14,6.86E+14
79,448,6.86E+14,Southern Sotho language interpreter needed,9Nn9,9Nn9.00,3.64E+14,6.86E+14
80,449,6.87E+14,Quechua language interpreter needed,9NnF,9NnF.00,3.64E+14,6.87E+14
81,450,6.88E+14,Xhosa language interpreter needed,9NnP,9NnP.00,3.65E+14,6.88E+14
82,451,6.93E+14,Greenlandic language interpreter needed,9Nmc-1,9Nmc.11,3.62E+14,6.93E+14
83,817,6.83E+14,Aymara language interpreter needed,9Nmn,9Nmn.00,3.63E+14,6.83E+14
84,818,6.85E+14,Punjabi language interpreter needed,9NUc-1,9NUc.11,2.04E+14,6.85E+14
85,820,6.79E+14,Kazakh language interpreter needed,9NmH,9NmH.00,3.60E+14,6.79E+14
86,833,6.44E+14,Persian language interpreter needed,9NUC-1,9NUC.11,2.03E+14,6.44E+14
87,834,6.82E+14,Esperanto language interpreter needed,9NmY,9NmY.00,3.62E+14,6.82E+14
88,835,6.83E+14,Breton language interpreter needed,9Nmg,9Nmg.00,3.62E+14,6.83E+14
89,836,6.85E+14,Rundi language interpreter needed,9Nmz,9Nmz.00,3.63E+14,6.85E+14
90,843,6.85E+14,Twi language interpreter needed,9Nn3,9Nn3.00,3.63E+14,6.85E+14
91,844,6.86E+14,Turkmen language interpreter needed,9Nn6,9Nn6.00,3.64E+14,6.86E+14
,,,Romany language interpreter needed (finding),,,1.05E+15,
,,,Akan language interpreter needed (finding),,,2.03E+14,
,,,Albanian language interpreter needed (finding),,,2.03E+14,
,,,Amharic language interpreter needed (finding),,,2.03E+14,
,,,Arabic language interpreter needed (finding),,,2.03E+14,
,,,Bengali language interpreter needed (finding),,,2.03E+14,
,,,Italian language interpreter needed (finding),,,2.03E+14,
,,,Cantonese language interpreter needed (finding),,,2.03E+14,
,,,Czech language interpreter needed (finding),,,2.03E+14,
,,,Dutch language interpreter needed (finding),,,2.03E+14,
,,,French language interpreter needed (finding),,,2.03E+14,
,,,French Creole language interpreter needed (finding),,,2.04E+14,
,,,Igbo language interpreter needed (finding),,,2.04E+14,
,,,German language interpreter needed (finding),,,2.04E+14,
,,,Greek language interpreter needed (finding),,,2.04E+14,
,,,Gujarati language interpreter needed (finding),,,2.04E+14,
,,,Hakka language interpreter needed (finding),,,2.04E+14,
,,,Hausa language interpreter needed (finding),,,2.04E+14,
,,,Hebrew language interpreter needed (finding),,,2.04E+14,
,,,Hindi language interpreter needed (finding),,,2.04E+14,
,,,Japanese language interpreter needed (finding),,,2.04E+14,
,,,Korean language interpreter needed (finding),,,2.04E+14,
,,,Kurdish language interpreter needed (finding),,,2.04E+14,
,,,Lingala language interpreter needed (finding),,,2.04E+14,
,,,Lithuanian language interpreter needed (finding),,,2.04E+14,
,,,Ganda language interpreter needed (finding),,,2.04E+14,
,,,Malayalam language interpreter needed (finding),,,2.04E+14,
,,,Mandarin language interpreter needed (finding),,,2.04E+14,
,,,Norwegian language interpreter needed (finding),,,2.04E+14,
,,,Pashto language interpreter needed (finding),,,2.04E+14,
,,,Polish language interpreter needed (finding),,,2.04E+14,
,,,Portuguese language interpreter needed (finding),,,2.04E+14,
,,,Russian language interpreter needed (finding),,,2.04E+14,
,,,Shona language interpreter needed (finding),,,2.04E+14,
,,,Sinhala language interpreter needed (finding),,,2.04E+14,
,,,Somali language interpreter needed (finding),,,2.04E+14,
,,,Spanish language interpreter needed (finding),,,2.04E+14,
,,,Swahili language interpreter needed (finding),,,2.04E+14,
,,,Swedish language interpreter needed (finding),,,2.04E+14,
,,,Sylheti language interpreter needed (finding),,,2.04E+14,
,,,Tagalog language interpreter needed (finding),,,2.04E+14,
,,,Tamil language interpreter needed (finding),,,2.04E+14,
,,,Thai language interpreter needed (finding),,,2.04E+14,
,,,Tigrinya language interpreter needed (finding),,,2.04E+14,
,,,Turkish language interpreter needed (finding),,,2.04E+14,
,,,Ukrainian language interpreter needed (finding),,,2.04E+14,
,,,Urdu language interpreter needed (finding),,,2.04E+14,
,,,Vietnamese language interpreter needed (finding),,,2.04E+14,
,,,Yoruba language interpreter needed (finding),,,2.04E+14,
,,,Need for interpreter (finding),,,315593009,
,,,Interpreter needed (finding),,,315594003,
,,,Finnish language interpreter needed (finding),,,3.44E+14,
,,,Flemish language interpreter needed (finding),,,3.44E+14,
,,,Kutchi language interpreter needed (finding),,,3.44E+14,
,,,Slovak language interpreter needed (finding),,,3.53E+14,
,,,Ndebele language interpreter needed (finding),,,3.53E+14,
,,,Aragonese interpreter needed (finding),,,9.73E+14,
,,,Avaric interpreter needed (finding),,,9.73E+14,
,,,Avestan interpreter needed (finding),,,9.73E+14,
,,,Bambara interpreter needed (finding),,,9.73E+14,
,,,Bashkir interpreter needed (finding),,,9.73E+14,
,,,Bosnian interpreter needed (finding),,,9.73E+14,
,,,Chamorro interpreter needed (finding),,,9.73E+14,
,,,Chechen interpreter needed (finding),,,9.73E+14,
,,,Chinese interpreter needed (finding),,,9.73E+14,
,,,Church Slavic interpreter needed (finding),,,9.73E+14,
,,,Chuvash interpreter needed (finding),,,9.73E+14,
,,,Cree interpreter needed (finding),,,9.73E+14,
,,,Dhivehi interpreter needed (finding),,,9.73E+14,
,,,Ewe interpreter needed (finding),,,9.73E+14,
,,,Fulah interpreter needed (finding),,,9.73E+14,
,,,Haitian interpreter needed (finding),,,9.73E+14,
,,,Herero interpreter needed (finding),,,9.73E+14,
,,,Hiri Motu interpreter needed (finding),,,9.73E+14,
,,,Ido interpreter needed (finding),,,9.73E+14,
,,,Interlingua interpreter needed (finding),,,9.73E+14,
,,,Irish interpreter needed (finding),,,9.73E+14,
,,,Kanuri interpreter needed (finding),,,9.73E+14,
,,,Kikuyu interpreter needed (finding),,,9.73E+14,
,,,Komi interpreter needed (finding),,,9.73E+14,
,,,Kongo interpreter needed (finding),,,9.73E+14,
,,,Kuanyama interpreter needed (finding),,,9.73E+14,
,,,Latin interpreter needed (finding),,,9.73E+14,
,,,Limburgan interpreter needed (finding),,,9.73E+14,
,,,Luba-Katanga interpreter needed (finding),,,9.73E+14,
,,,Luxembourgish interpreter needed (finding),,,9.73E+14,
,,,Manx interpreter needed (finding),,,9.73E+14,
,,,Marshallese interpreter needed (finding),,,9.73E+14,
,,,Navajo interpreter needed (finding),,,9.73E+14,
,,,Ndonga interpreter needed (finding),,,9.73E+14,
,,,North Ndebele interpreter needed (finding),,,9.73E+14,
,,,Northern Sami interpreter needed (finding),,,9.73E+14,
,,,Norwegian Bokmål interpreter needed (finding),,,9.73E+14,
,,,Norwegian Nynorsk interpreter needed (finding),,,9.73E+14,
,,,Nyanja interpreter needed (finding),,,9.73E+14,
,,,Ojibwa interpreter needed (finding),,,9.73E+14,
,,,Ossetian interpreter needed (finding),,,9.73E+14,
,,,Pali interpreter needed (finding),,,9.73E+14,
,,,Sanskrit interpreter needed (finding),,,9.73E+14,
,,,Sardinian interpreter needed (finding),,,9.73E+14,
,,,Serbo-Croatian interpreter needed (finding),,,9.73E+14,
,,,Nuosu interpreter needed (finding),,,9.73E+14,
,,,South Ndebele interpreter needed (finding),,,9.73E+14,
,,,Tahitian interpreter needed (finding),,,9.73E+14,
,,,Venda interpreter needed (finding),,,9.73E+14,
,,,Volapük interpreter needed (finding),,,9.73E+14,
,,,Walloon interpreter needed (finding),,,9.73E+14,
,,,Western Frisian interpreter needed (finding),,,9.73E+14,
,,,Wolof interpreter needed (finding),,,9.73E+14,
